{
  "mean": 27.797675723639994,
  "stddev": 0.059717370944633856,
  "median": 27.719115807,
  "min": 27.692200855,
  "max": 27.899799023,
  "times": [
    27.788754822,
    27.758834333,
    27.753063559,
    27.856553142,
    27.753465717,
    27.846844324,
    27.692200855,
    27.788192489,
    27.79485386,
    27.721824531,
    27.842088195,
    27.736435327,
    27.719115807,
    27.843631877,
    27.753979391,
    27.839505765,
    27.899799023,
    27.870139081,
    27.718600042,
    27.880768427,
    27.731293822,
    27.824287107,
    27.797087262,
    27.865260145,
    27.865314188
  ]
}