{
  "mean": 14.515390666720002,
  "stddev": 0.016935071006566358,
  "median": 14.526427677000001,
  "min": 14.464140232,
  "max": 14.548417834,
  "times": [
    14.508673165,
    14.464140232,
    14.531680028,
    14.514159203,
    14.510886571,
    14.512180004,
    14.508757521,
    14.525680173,
    14.548417834,
    14.531809864,
    14.493305907,
    14.494932567,
    14.526427677000001,
    14.52304432,
    14.518950824000001,
    14.518783056,
    14.529652,
    14.531654331,
    14.526050191,
    14.53113745,
    14.511709084,
    14.498289186,
    14.514913332,
    14.494322429,
    14.515209719
  ]
}