{
  "mean": 14.562828197000004,
  "stddev": 0.022084410479068835,
  "median": 14.556002721,
  "min": 14.523594054,
  "max": 14.601137575,
  "times": [
    14.580527408,
    14.56409612,
    14.560152601,
    14.569158152,
    14.571229016,
    14.562250228,
    14.593044515,
    14.601137575,
    14.574093666,
    14.58067681,
    14.553417054,
    14.582876592,
    14.556002721,
    14.535051831,
    14.528476003,
    14.553530263,
    14.577878078,
    14.523594054,
    14.54833857,
    14.544105316,
    14.569629371,
    14.591117356,
    14.592507617,
    14.527537126,
    14.530276882
  ]
}