{
  "mean": 277.92851542984,
  "stddev": 0.3201396600687813,
  "median": 277.556178891,
  "min": 277.310247997,
  "max": 278.60151281,
  "times": [
    277.76540746,
    277.739658675,
    277.932736294,
    277.898734508,
    278.056296867,
    277.595679391,
    277.811750273,
    277.980350779,
    278.40129477,
    278.058076719,
    277.451902268,
    277.944180644,
    277.556178891,
    278.024971682,
    278.331694202,
    277.589439211,
    278.067968,
    277.555543809,
    277.310247997,
    278.020119584,
    277.847590256,
    278.043791673,
    278.046036637,
    278.581722346,
    278.60151281
  ]
}