{
  "mean": 14.920384033720001,
  "stddev": 0.034723339451495604,
  "median": 14.874781267,
  "min": 14.874781267,
  "max": 14.990585644,
  "times": [
    14.979838702,
    14.892198472,
    14.894883399,
    14.972720729,
    14.990585644,
    14.922203682,
    14.882966065,
    14.89166527,
    14.961255624,
    14.964430649,
    14.881721402,
    14.955662538,
    14.874781267,
    14.880441882,
    14.931616449,
    14.877595355,
    14.901178858,
    14.926349198,
    14.919633915,
    14.913151795,
    14.918165978,
    14.935356331,
    14.87624108,
    14.919097274,
    14.945859285000001
  ]
}