{
  "mean": 63.3421204415,
  "stddev": 0.11113093141512227,
  "median": 63.486038969000006,
  "min": 63.26124657,
  "max": 63.667743618,
  "times": [
    63.27865328,
    63.355940438,
    63.319468263,
    63.26124657,
    63.667743618,
    63.30433432,
    63.297066949,
    63.309713745,
    63.308337982,
    63.31869925
  ]
}