{
  "mean": 63.36686260849999,
  "stddev": 0.13742702050594124,
  "median": 63.5220380635,
  "min": 63.22657963,
  "max": 63.738388576,
  "times": [
    63.366445939,
    63.264455072,
    63.22657963,
    63.283127628,
    63.305687551,
    63.738388576,
    63.413456136,
    63.376551523,
    63.405503705,
    63.288430325
  ]
}