{
  "mean": 14.522440038679997,
  "stddev": 0.01727626031981343,
  "median": 14.523656321,
  "min": 14.490621095,
  "max": 14.556593398,
  "times": [
    14.524397156,
    14.516972064,
    14.53589288,
    14.544614040999999,
    14.520638146,
    14.522122897,
    14.53705388,
    14.49324752,
    14.498809976,
    14.526523771,
    14.493534444,
    14.556593398,
    14.523656321,
    14.528025462,
    14.530138831,
    14.531700598,
    14.538353032,
    14.516152851,
    14.521541317,
    14.50122752,
    14.517293832,
    14.523123074,
    14.513607758,
    14.555159103,
    14.490621095
  ]
}