{
  "mean": 19.82085597648,
  "stddev": 0.31216728680479255,
  "median": 19.338796689,
  "min": 19.333342934,
  "max": 20.368959227,
  "times": [
    19.401409198,
    20.242313058,
    19.719458966,
    19.867706837,
    19.834355475,
    20.306707599,
    19.343240882,
    19.392859103,
    20.072564536,
    20.368959227,
    19.833868502,
    20.196163065,
    19.338796689,
    20.220679381,
    19.721849283,
    19.798219982,
    19.333342934,
    19.711285378,
    19.860874984,
    20.267417977,
    19.676012849,
    19.819223963,
    19.823814407,
    19.626985483,
    19.743289654
  ]
}