{
  "mean": 173.89436332923998,
  "stddev": 0.32803216647175315,
  "median": 174.575465758,
  "min": 173.279033499,
  "max": 174.575465758,
  "times": [
    173.555145389,
    174.00470112,
    174.224286875,
    173.922158648,
    174.171070332,
    173.946711324,
    173.724030219,
    173.727838357,
    174.124322598,
    173.927555909,
    173.894788864,
    173.882119619,
    174.575465758,
    173.914591412,
    173.996807309,
    173.279033499,
    173.764249883,
    173.524167272,
    173.49548033,
    174.021911584,
    174.342647911,
    174.298860821,
    173.410077696,
    174.29965462,
    173.331405882
  ]
}