{
  "mean": 64.94753798650001,
  "stddev": 0.20307653373246598,
  "median": 64.862893168,
  "min": 64.668935644,
  "max": 65.267019293,
  "times": [
    65.196715767,
    64.858602659,
    64.722656236,
    64.901145265,
    64.864896488,
    64.860889848,
    65.250270468,
    64.884248197,
    65.267019293,
    64.668935644
  ]
}