{
  "mean": 14.527467773479998,
  "stddev": 0.019626386776338947,
  "median": 14.517862351,
  "min": 14.496905688,
  "max": 14.574850059,
  "times": [
    14.515491048,
    14.555137644,
    14.574850059,
    14.527556048,
    14.56096717,
    14.516750698,
    14.504085008,
    14.529156408,
    14.542173638,
    14.506811519,
    14.530942712,
    14.496905688,
    14.517862351,
    14.521322732,
    14.511659021,
    14.544217036,
    14.515743227,
    14.518983751,
    14.510147588,
    14.558285555,
    14.527499745,
    14.509689183999999,
    14.520783437,
    14.550820727,
    14.518852343
  ]
}