{
  "mean": 34.141055801,
  "stddev": 0.3035250973186936,
  "median": 33.679269152,
  "min": 33.679269152,
  "max": 34.689325957,
  "times": [
    34.44239524,
    34.277506577,
    34.149138641,
    34.07216246,
    34.381397148,
    34.166062719,
    34.592034913,
    33.728020459,
    34.200163372,
    33.714826423,
    33.706499398,
    33.724321876,
    33.679269152,
    34.35341274,
    34.53704258,
    33.73056432,
    34.047758722,
    34.12880009,
    34.401195019,
    34.097609287,
    34.542793998,
    34.689325957,
    33.852069952,
    34.134913686,
    34.177110296
  ]
}