{
  "mean": 137.05568654812,
  "stddev": 0.23194152024942724,
  "median": 137.354545674,
  "min": 136.773001444,
  "max": 137.417037267,
  "times": [
    136.841445721,
    136.854987317,
    137.278101359,
    136.838985252,
    137.339726862,
    136.773001444,
    136.839400031,
    137.308706716,
    137.407447367,
    137.417037267,
    136.96730597,
    136.879557886,
    137.354545674,
    136.802437649,
    136.830485903,
    137.287921229,
    136.830886085,
    136.881993792,
    136.996270999,
    137.23241292,
    137.267920385,
    136.946419635,
    136.846395674,
    136.971894612,
    137.396875954
  ]
}