{
  "mean": 14.52052294696,
  "stddev": 0.014617600915882968,
  "median": 14.492794763,
  "min": 14.492794763,
  "max": 14.546201044,
  "times": [
    14.528916054,
    14.498644011,
    14.503843122,
    14.54556712,
    14.519654472,
    14.537411859,
    14.54044996,
    14.53095474,
    14.514234551,
    14.500638961,
    14.533455956,
    14.504015958,
    14.492794763,
    14.533213381,
    14.517952755,
    14.505562957,
    14.532990308,
    14.515624647,
    14.51477774,
    14.546201044,
    14.521487924,
    14.519423137,
    14.517818072,
    14.528011875,
    14.509428307
  ]
}