{
  "mean": 32.927482208440004,
  "stddev": 0.10753931581239956,
  "median": 32.938085503,
  "min": 32.748840244,
  "max": 33.171302692,
  "times": [
    32.867287349,
    32.989464144,
    32.926545349,
    33.1246045,
    32.748840244,
    32.933455594,
    32.976387682,
    33.164399951,
    32.982980142,
    33.171302692,
    32.92137748,
    32.928681049,
    32.938085503,
    32.825985315,
    32.923107979,
    32.834151047,
    32.807731787,
    32.815196371,
    32.951685058,
    32.950380468,
    32.991012175,
    32.964816964,
    32.805592445,
    32.824347414,
    32.819636509
  ]
}