{
  "mean": 63.445737503400004,
  "stddev": 0.1836501046140312,
  "median": 63.3352514035,
  "min": 63.277389623,
  "max": 63.884005713,
  "times": [
    63.277389623,
    63.353910064,
    63.884005713,
    63.402766942,
    63.332203298,
    63.338299509,
    63.395655228,
    63.711554189,
    63.364361286,
    63.397229182
  ]
}