{
  "mean": 27.91916528911999,
  "stddev": 0.08790371744843013,
  "median": 27.962470006,
  "min": 27.774973608,
  "max": 28.221465291,
  "times": [
    27.852599791,
    27.935645737,
    27.986586361,
    27.966019213,
    27.990808099,
    27.993687276,
    27.94125985,
    27.87948912,
    27.881693283,
    27.861759608,
    27.774973608,
    27.874514839,
    27.962470006,
    27.942452356,
    27.826307697,
    27.817674093,
    28.003641268,
    28.221465291,
    27.934048834,
    27.896069479,
    27.87875186,
    27.865365756,
    27.995743911,
    27.834321462,
    27.86178343
  ]
}