{
  "mean": 81.1840878829,
  "stddev": 0.15348257520492598,
  "median": 81.172841813,
  "min": 81.030185574,
  "max": 81.575250581,
  "times": [
    81.075370877,
    81.237367898,
    81.047710652,
    81.168745614,
    81.281347338,
    81.064336288,
    81.152409664,
    81.030185574,
    81.208154343,
    81.575250581
  ]
}