{
  "mean": 138.99997889984002,
  "stddev": 0.20702817483906555,
  "median": 139.163612153,
  "min": 138.620878495,
  "max": 139.301199051,
  "times": [
    138.942125226,
    138.63379602,
    139.152377767,
    138.916630894,
    138.620878495,
    138.832468719,
    139.111780874,
    139.283061543,
    138.911238611,
    139.110870896,
    138.877483542,
    139.158041666,
    139.163612153,
    138.924546219,
    139.20051767,
    139.247882764,
    139.301199051,
    139.248301461,
    138.839202248,
    139.029938904,
    138.832207838,
    138.689476388,
    139.120624485,
    139.166306065,
    138.684902997
  ]
}