{
  "mean": 64.0891147646,
  "stddev": 0.1533061581699682,
  "median": 63.929145547000005,
  "min": 63.897757275000004,
  "max": 64.307222974,
  "times": [
    64.001486466,
    64.13190356,
    64.307222974,
    64.158658923,
    63.897757275000004,
    63.960533819,
    64.296491385,
    64.259508593,
    63.975718342,
    63.901866309
  ]
}