{
  "mean": 14.532570542479998,
  "stddev": 0.027645507010575183,
  "median": 14.489778438,
  "min": 14.481544625,
  "max": 14.614945272,
  "times": [
    14.520448605,
    14.528898929,
    14.489830799,
    14.527029319,
    14.568176172,
    14.514133084000001,
    14.554643039,
    14.549558404,
    14.543828076,
    14.496066539,
    14.539501752,
    14.528286124,
    14.489778438,
    14.614945272,
    14.533858222,
    14.539157627,
    14.537223206,
    14.481544625,
    14.516542009,
    14.551103263,
    14.527273365,
    14.526391781,
    14.548737152,
    14.562616087,
    14.524691673
  ]
}