{
  "mean": 19.90419116116,
  "stddev": 0.348980066577508,
  "median": 20.317837968,
  "min": 19.403723331,
  "max": 20.462323936,
  "times": [
    19.868026598,
    19.457346563,
    20.046816789,
    19.923031336,
    19.403723331,
    19.433629466,
    19.891384176,
    19.823344311,
    20.43133285,
    20.462323936,
    19.432697039,
    19.437725967,
    20.317837968,
    19.894402155999998,
    20.384727873,
    20.407304615,
    20.116839217,
    19.70392744,
    20.175368956,
    19.872595021,
    20.379224404,
    19.738120769,
    19.438292336,
    19.787137872,
    19.77761804
  ]
}