{
  "mean": 73.88733327850001,
  "stddev": 0.1947557496799414,
  "median": 74.019306625,
  "min": 73.624639579,
  "max": 74.210348775,
  "times": [
    73.663834447,
    74.210348775,
    74.150764444,
    73.856381776,
    74.090125988,
    73.948487262,
    73.624639579,
    73.823502787,
    73.766994843,
    73.738252884
  ]
}