{
  "mean": 14.558910153640001,
  "stddev": 0.022717732319090845,
  "median": 14.561557171,
  "min": 14.512848916,
  "max": 14.609563371,
  "times": [
    14.567628580000001,
    14.568988596,
    14.57793322,
    14.594925075,
    14.538544212,
    14.533904538,
    14.558523399,
    14.538515106,
    14.533794969,
    14.609563371,
    14.547472896,
    14.512848916,
    14.561557171,
    14.587987829,
    14.560238813,
    14.53432466,
    14.542357599,
    14.564881327,
    14.569947378,
    14.546198604,
    14.567086188,
    14.558325603,
    14.545132411,
    14.550884258,
    14.601189122
  ]
}