{
  "mean": 14.516564511400002,
  "stddev": 0.019822932834795023,
  "median": 14.484953885,
  "min": 14.471659907,
  "max": 14.546200486,
  "times": [
    14.527225944,
    14.546200486,
    14.505888295,
    14.536386624,
    14.540724626,
    14.520858108,
    14.488681253,
    14.503943874,
    14.545873451,
    14.535189353,
    14.53719341,
    14.518989025,
    14.484953885,
    14.509468833,
    14.471659907,
    14.510967265,
    14.51007514,
    14.516721557,
    14.534126673,
    14.527205491,
    14.518266541,
    14.491557456,
    14.508898755,
    14.490915762,
    14.532141071
  ]
}