{
  "mean": 14.543535771159998,
  "stddev": 0.014542084608570838,
  "median": 14.550353819,
  "min": 14.516945026,
  "max": 14.573357545,
  "times": [
    14.524656943,
    14.541462328,
    14.528339317,
    14.535583144,
    14.540782522,
    14.573357545,
    14.566631266,
    14.540027083,
    14.545059145,
    14.56160332,
    14.54352045,
    14.545775086,
    14.550353819,
    14.52081309,
    14.532528123,
    14.516945026,
    14.525249218999999,
    14.544962386,
    14.556569776,
    14.550727407,
    14.543016261,
    14.559150273,
    14.539578719,
    14.567277672,
    14.534424358999999
  ]
}