{
  "mean": 28.28501064596,
  "stddev": 0.04857675935031716,
  "median": 28.238952135,
  "min": 28.207061089,
  "max": 28.384544373,
  "times": [
    28.276575289,
    28.313449432,
    28.26389366,
    28.266808738,
    28.265936214,
    28.241795949,
    28.218143867,
    28.350626152,
    28.237649306,
    28.383424093,
    28.288509925,
    28.223317597,
    28.238952135,
    28.272353555,
    28.325576536,
    28.331290504,
    28.283920469999998,
    28.207061089,
    28.300383675,
    28.31050856,
    28.289926497,
    28.274161981,
    28.384544373,
    28.227078589,
    28.349377963
  ]
}