{
  "mean": 20.16505883464,
  "stddev": 0.24705936641936965,
  "median": 20.126140092,
  "min": 19.740689278,
  "max": 20.602632921,
  "times": [
    19.740689278,
    19.758447029,
    20.274727165,
    20.041434941,
    19.762877603,
    19.747622826,
    20.247819034,
    20.156913012,
    20.132526674,
    20.445455062,
    20.189120628,
    20.139797547,
    20.126140092,
    20.265021799,
    20.137301448,
    20.565471977,
    20.257351773,
    20.312715335,
    20.602632921,
    20.240832089,
    19.755596657,
    20.540414781,
    20.152818376,
    20.270772168,
    20.261970651
  ]
}