{
  "mean": 14.52503107836,
  "stddev": 0.01909900327885054,
  "median": 14.550172977999999,
  "min": 14.486856869,
  "max": 14.559623361,
  "times": [
    14.504493662,
    14.524870251,
    14.488476997,
    14.530220369,
    14.53110117,
    14.486856869,
    14.516960133,
    14.503197464,
    14.52359067,
    14.54766787,
    14.539416664,
    14.538684339,
    14.550172977999999,
    14.508514705,
    14.513685478,
    14.53692119,
    14.559623361,
    14.548007392,
    14.517680155,
    14.540396618,
    14.513996435,
    14.537397169,
    14.510383369,
    14.545517059,
    14.507944592
  ]
}