{
  "mean": 63.4035293403,
  "stddev": 0.24222648605384295,
  "median": 63.5265185785,
  "min": 63.132720083,
  "max": 63.829185453,
  "times": [
    63.258501066,
    63.132720083,
    63.246150412,
    63.359911734,
    63.223851704,
    63.829185453,
    63.320666642,
    63.80884629,
    63.227844232,
    63.627615787
  ]
}