{
  "mean": 130.61980667699999,
  "stddev": 0.2467534864784536,
  "median": 130.899841006,
  "min": 130.286670434,
  "max": 131.120416352,
  "times": [
    131.120416352,
    130.295896161,
    131.026457325,
    130.464793191,
    130.383916248,
    130.342806035,
    130.581863983,
    130.888618941,
    130.850945624,
    130.417090573,
    130.513827928,
    130.859516042,
    130.899841006,
    130.686046395,
    130.912289433,
    130.400320736,
    130.427985563,
    130.473659759,
    130.821315169,
    130.527015978,
    130.640228887,
    130.286670434,
    130.885262004,
    130.40852209,
    130.379861068
  ]
}