{
  "mean": 64.72297700249999,
  "stddev": 0.14805883771543446,
  "median": 64.70722402300001,
  "min": 64.587081985,
  "max": 65.133460477,
  "times": [
    65.133460477,
    64.7054752,
    64.67482144,
    64.61639384,
    64.718022816,
    64.69642523,
    64.628045924,
    64.587081985,
    64.670860739,
    64.799182374
  ]
}