{
  "mean": 132.96614768228,
  "stddev": 0.2313107706892459,
  "median": 133.018357937,
  "min": 132.555296637,
  "max": 133.290992329,
  "times": [
    133.088747983,
    132.555296637,
    133.290992329,
    132.649493958,
    133.151992701,
    132.733729112,
    132.842813702,
    132.744303827,
    132.780831838,
    132.707753997,
    133.197783985,
    133.215854968,
    133.018357937,
    132.88440312,
    132.602336217,
    132.874043778,
    132.784863001,
    133.19137718,
    133.269261059,
    133.167555885,
    133.015830377,
    132.784915374,
    133.288260105,
    133.163863793,
    133.149029194
  ]
}