{
  "mean": 18.638041468879997,
  "stddev": 0.01973691304396591,
  "median": 18.635152319,
  "min": 18.605469047,
  "max": 18.70174608,
  "times": [
    18.61692841,
    18.70174608,
    18.610973282,
    18.64190232,
    18.646981592,
    18.632848412,
    18.63825671,
    18.605469047,
    18.64243092,
    18.643290849,
    18.633606311,
    18.656476267,
    18.635152319,
    18.640140477,
    18.657992286,
    18.654911166,
    18.643292571,
    18.665073339,
    18.622241391,
    18.628811943,
    18.637301907,
    18.609738985,
    18.6235169,
    18.628536219,
    18.633417019
  ]
}