{
  "mean": 63.25362533100001,
  "stddev": 0.06910617818231174,
  "median": 63.268349065500004,
  "min": 63.135777549,
  "max": 63.358613827,
  "times": [
    63.358613827,
    63.204598438,
    63.249223933,
    63.293578154,
    63.33723528,
    63.199462851,
    63.135777549,
    63.192149292,
    63.241454375,
    63.324159611
  ]
}