{
  "mean": 63.336566434199995,
  "stddev": 0.2025886116930019,
  "median": 63.500269998,
  "min": 63.131409445,
  "max": 63.770841477,
  "times": [
    63.280819349,
    63.17829355,
    63.131409445,
    63.770841477,
    63.676465737,
    63.324074259,
    63.316511415,
    63.248183745,
    63.23145152,
    63.207613845
  ]
}