{
  "mean": 14.5193231356,
  "stddev": 0.012095105936776818,
  "median": 14.51138567,
  "min": 14.495626026,
  "max": 14.540483938,
  "times": [
    14.495626026,
    14.49743921,
    14.540483938,
    14.524871126,
    14.509880277,
    14.534504027,
    14.506709432,
    14.534441855,
    14.515358992,
    14.519763224,
    14.537284084,
    14.505712541,
    14.51138567,
    14.524772678,
    14.523009528,
    14.521144271,
    14.520265813,
    14.515427075,
    14.516318819,
    14.534299923,
    14.505697627,
    14.534282432,
    14.508696402,
    14.522165652,
    14.523537768
  ]
}