{
  "mean": 63.352252522899995,
  "stddev": 0.172057936700541,
  "median": 63.4760466355,
  "min": 63.200048576,
  "max": 63.691767649,
  "times": [
    63.212650169,
    63.258066045,
    63.691767649,
    63.333112264,
    63.681563171,
    63.2705301,
    63.200048576,
    63.325995532,
    63.252719748,
    63.296071975
  ]
}