{
  "mean": 32.273524988599995,
  "stddev": 0.07040186272332555,
  "median": 32.349922712,
  "min": 32.146761885,
  "max": 32.357125869,
  "times": [
    32.357125869,
    32.272098346,
    32.155727687,
    32.188785717,
    32.311715074,
    32.153798893,
    32.328616514,
    32.26424234,
    32.184752782,
    32.30695288,
    32.146761885,
    32.164915725,
    32.349922712,
    32.304050226,
    32.303264675,
    32.297551983,
    32.340841828,
    32.321474394,
    32.167573059,
    32.337649034,
    32.317903701,
    32.331186757,
    32.29723188,
    32.311880801,
    32.322099953
  ]
}