{
  "mean": 27.983975158159996,
  "stddev": 0.07597823298860869,
  "median": 28.074568093,
  "min": 27.815878263,
  "max": 28.086804402,
  "times": [
    27.950194752,
    28.064740764,
    27.904877515,
    28.086804402,
    27.925761654,
    28.072774776,
    27.993953113,
    28.072715829,
    28.021354761,
    27.866244628,
    27.945034919,
    27.922601397,
    28.074568093,
    28.011124919,
    28.03213369,
    27.948585859,
    28.075522119,
    27.870941121,
    27.992430637,
    27.906826982,
    27.945241782,
    27.815878263,
    28.079308337,
    28.001237986,
    28.018520656
  ]
}