{
  "mean": 21.1430576096,
  "stddev": 0.42771773352138615,
  "median": 20.425825048,
  "min": 20.42294477,
  "max": 21.659779294,
  "times": [
    21.519157567,
    20.984938332,
    20.440476548,
    20.423516054,
    21.453896846,
    21.642696719,
    21.300987116,
    21.332251182,
    21.61774932,
    21.389516986,
    21.008295811,
    20.988891034,
    20.425825048,
    20.990384768,
    21.547514207,
    21.077659203,
    21.001442454,
    20.42294477,
    21.361037992,
    21.591792784,
    21.577524065,
    21.509429615,
    20.430725171,
    21.659779294,
    20.878007354
  ]
}