{
  "mean": 87.71504020812,
  "stddev": 0.10989303243465907,
  "median": 87.595456744,
  "min": 87.569456276,
  "max": 87.959638021,
  "times": [
    87.708727265,
    87.684925566,
    87.612374935,
    87.797953752,
    87.572428743,
    87.693251676,
    87.651276352,
    87.608918967,
    87.82331492,
    87.786464025,
    87.81640092,
    87.765687505,
    87.595456744,
    87.569456276,
    87.636201127,
    87.878993767,
    87.608277231,
    87.784590484,
    87.82724108,
    87.59230356,
    87.788192618,
    87.600878158,
    87.865180207,
    87.959638021,
    87.647871304
  ]
}