{
  "mean": 27.87073062348,
  "stddev": 0.08507252035128762,
  "median": 27.904428378,
  "min": 27.73239469,
  "max": 28.069774665,
  "times": [
    27.94833947,
    27.957061149,
    27.73239469,
    27.772251371,
    27.845909097,
    27.801267742,
    27.783400518,
    27.904576674,
    27.776161058,
    27.897286498,
    27.929415658,
    27.989541233,
    27.904428378,
    27.926100147,
    27.947079621,
    27.773411811,
    27.944561079,
    27.818079436,
    27.911399567,
    27.909245961,
    27.753036233,
    27.877306649,
    27.764356635,
    27.831880247,
    28.069774665
  ]
}