{
  "mean": 28.96950750992,
  "stddev": 0.03946589623502259,
  "median": 28.979837514,
  "min": 28.883437266,
  "max": 29.033991473,
  "times": [
    28.938453133,
    29.000207966,
    29.013449913,
    28.950517057,
    28.945491412,
    28.942810326,
    29.025358556,
    28.943758852,
    29.021882412,
    28.981564434,
    29.018248325,
    28.96474791,
    28.979837514,
    28.883437266,
    28.908044413,
    29.009333283,
    28.974607028,
    28.947063164,
    28.911214341,
    29.033991473,
    28.965485568,
    28.985879867,
    28.962336223,
    29.003974531,
    28.925992781
  ]
}