{
  "mean": 33.320779029,
  "stddev": 0,
  "median": 33.320779029,
  "min": 33.320779029,
  "max": 33.320779029,
  "times": [
    33.320779029,
    33.320779029,
    33.320779029,
    33.320779029,
    33.320779029,
    33.320779029,
    33.320779029,
    33.320779029,
    33.320779029,
    33.320779029,
    33.320779029,
    33.320779029,
    33.320779029,
    33.320779029,
    33.320779029
  ]
}