{
  "mean": 27.740284378320005,
  "stddev": 0.0598707686396183,
  "median": 27.72358144,
  "min": 27.623290547,
  "max": 27.875289374,
  "times": [
    27.759064712,
    27.698641117,
    27.690822451,
    27.750269989,
    27.778061722,
    27.800517833,
    27.695953663,
    27.825693669,
    27.875289374,
    27.757343605,
    27.683737081,
    27.688303501,
    27.72358144,
    27.79057623,
    27.71491778,
    27.775632242,
    27.777212677,
    27.825701058,
    27.636219645,
    27.79282534,
    27.731496578,
    27.623290547,
    27.736361214,
    27.689641625,
    27.685954365
  ]
}