{
  "mean": 80.4818998499,
  "stddev": 0.19666286433267424,
  "median": 80.2877087485,
  "min": 80.242776953,
  "max": 80.869859189,
  "times": [
    80.419082948,
    80.641993455,
    80.365295221,
    80.550614974,
    80.242776953,
    80.332640544,
    80.335041987,
    80.733995742,
    80.327697486,
    80.869859189
  ]
}