{
  "mean": 27.727684290399992,
  "stddev": 0.06004127540851342,
  "median": 27.635796566,
  "min": 27.618101388,
  "max": 27.84116704,
  "times": [
    27.789449015,
    27.781573948,
    27.796995127,
    27.659599953,
    27.618101388,
    27.742033217,
    27.76494842,
    27.733597458,
    27.84116704,
    27.766689341,
    27.676382273,
    27.805852995,
    27.635796566,
    27.723067016999998,
    27.639871972,
    27.743072125,
    27.794142751,
    27.694309418,
    27.749951809,
    27.651607413,
    27.768212894,
    27.704276942,
    27.662866206,
    27.759934727,
    27.688607245
  ]
}