{
  "mean": 30.998657454719996,
  "stddev": 0.031035996057575347,
  "median": 30.997095024,
  "min": 30.95011765,
  "max": 31.067325227,
  "times": [
    31.020217917,
    30.974639814,
    31.067325227,
    30.969669674,
    31.014573184,
    30.984047042,
    30.95011765,
    31.002375928,
    31.019414854,
    31.009492003,
    30.968287062,
    30.996048391,
    30.997095024,
    31.016424142,
    31.007019985,
    31.045255075,
    30.970696914,
    31.043430278,
    30.969723965,
    30.989460027,
    30.957480199,
    30.976418078000002,
    31.041868129,
    31.023757736,
    30.95159807
  ]
}