{
  "mean": 131.98695868507997,
  "stddev": 0.33330049757108243,
  "median": 131.602094805,
  "min": 131.602094805,
  "max": 132.554462291,
  "times": [
    131.736643536,
    131.666049302,
    131.806653062,
    131.853998604,
    131.616465631,
    132.415707805,
    131.687329298,
    131.71634801,
    132.12582802,
    132.270448003,
    132.111001928,
    132.293478923,
    131.602094805,
    131.672047761,
    132.554462291,
    132.438371529,
    131.728248305,
    132.03164667,
    131.654764171,
    132.328014313,
    132.545078582,
    131.705429879,
    131.708362814,
    132.547773137,
    131.857720748
  ]
}