{
  "mean": 24.144051646519998,
  "stddev": 0.22664198867750363,
  "median": 24.359325332,
  "min": 23.785275810999998,
  "max": 24.450750443,
  "times": [
    23.798487441,
    24.260391733,
    24.198015817,
    23.785275810999998,
    24.450750443,
    23.809852992,
    23.967471312,
    23.859874714,
    24.297262615,
    24.179242077,
    23.814912869,
    24.285372476,
    24.359325332,
    24.280260809,
    24.360384493,
    23.868642837,
    24.285933611,
    24.366127485,
    24.349373055,
    23.833674704,
    23.95290341,
    24.33352759,
    24.28620423,
    24.252785586,
    24.365237721
  ]
}