{
  "mean": 27.801499084639996,
  "stddev": 0.07944062842396264,
  "median": 27.796735975,
  "min": 27.677882865,
  "max": 27.979540578,
  "times": [
    27.86144154,
    27.798461639,
    27.79341584,
    27.856471353,
    27.775589729,
    27.837650463,
    27.689706501,
    27.791098941,
    27.862852329,
    27.677882865,
    27.806685553,
    27.71631676,
    27.796735975,
    27.831051241,
    27.808041462,
    27.753838542,
    27.799930104,
    27.795991873,
    27.913531365,
    27.686652896,
    27.946924085,
    27.688071599,
    27.698443875,
    27.979540578,
    27.871150008
  ]
}