{
  "mean": 27.82400905076,
  "stddev": 0.06799759110017004,
  "median": 27.776914254,
  "min": 27.726082106,
  "max": 27.972644045,
  "times": [
    27.764854067,
    27.763362133,
    27.814067055,
    27.937374756,
    27.776787989,
    27.972644045,
    27.886628979,
    27.863590696,
    27.780972497,
    27.82590771,
    27.933410256,
    27.747103123,
    27.776914254,
    27.782032652,
    27.804741699,
    27.914739423,
    27.902873907,
    27.759615971,
    27.776563189,
    27.905142138,
    27.778936988,
    27.81731336,
    27.775594415,
    27.726082106,
    27.812972861
  ]
}