{
  "mean": 19.759311864280004,
  "stddev": 0.29347319992030785,
  "median": 19.83774478,
  "min": 19.324090908,
  "max": 20.229551857,
  "times": [
    19.800373315999998,
    19.988215363,
    19.792529585,
    20.103246524,
    19.361074092,
    20.00087806,
    19.58531655,
    19.353932521,
    19.964544201,
    20.229551857,
    19.684675165,
    20.023863847,
    19.83774478,
    19.330867674,
    19.487491368,
    19.680754476,
    19.324090908,
    19.383897222,
    19.905660812,
    19.77256818,
    20.219589654,
    19.729004157,
    19.857234732,
    20.221100971,
    19.344590592
  ]
}