{
  "mean": 79.42293522840001,
  "stddev": 0.12579618103188064,
  "median": 79.41536765250001,
  "min": 79.222884722,
  "max": 79.730725671,
  "times": [
    79.480796689,
    79.371053576,
    79.730725671,
    79.222884722,
    79.44792341,
    79.382811895,
    79.321962597,
    79.476523252,
    79.4178269,
    79.376843572
  ]
}