{
  "mean": 14.507657426360002,
  "stddev": 0.012419366727741642,
  "median": 14.518402325,
  "min": 14.485129597,
  "max": 14.53085131,
  "times": [
    14.499968988,
    14.53085131,
    14.505217469,
    14.500195614,
    14.51579894,
    14.502677631,
    14.51426628,
    14.491605415,
    14.503177423,
    14.521638332,
    14.497704519,
    14.518011841,
    14.518402325,
    14.493344784,
    14.496602076,
    14.490806668,
    14.510198064,
    14.502126752,
    14.49986252,
    14.519530068,
    14.485129597,
    14.501312377,
    14.525213579,
    14.528046451,
    14.519746636
  ]
}