{
  "mean": 63.526707466500014,
  "stddev": 0.22989763961595638,
  "median": 63.4072921355,
  "min": 63.244924878,
  "max": 63.869272821,
  "times": [
    63.318210271,
    63.244924878,
    63.736437749,
    63.289745861,
    63.409518286,
    63.405065985,
    63.869272821,
    63.771035754,
    63.404567416,
    63.818295644
  ]
}