{
  "mean": 28.3187042068,
  "stddev": 0.05456271572756867,
  "median": 28.242555014,
  "min": 28.242555014,
  "max": 28.448574101,
  "times": [
    28.245907582,
    28.424953569,
    28.390451177,
    28.371237953,
    28.27470233,
    28.290077097,
    28.274348125,
    28.296790344,
    28.375019634,
    28.302411036,
    28.28460229,
    28.331014528,
    28.242555014,
    28.341316372,
    28.375561017,
    28.288018246,
    28.299550715,
    28.256520816,
    28.386761808,
    28.306887175,
    28.289953652,
    28.286135708,
    28.279454019,
    28.448574101,
    28.304800862
  ]
}