{
  "mean": 64.00185009980001,
  "stddev": 0.03717271976262886,
  "median": 63.966069066,
  "min": 63.940187787,
  "max": 64.067841866,
  "times": [
    64.050367712,
    64.004482263,
    64.028722627,
    63.997395904,
    63.991950345,
    63.940187787,
    64.067841866,
    64.003853492,
    63.968580802,
    63.9651182
  ]
}