{
  "mean": 14.5026023278,
  "stddev": 0.015124130842494218,
  "median": 14.493504871,
  "min": 14.472029189,
  "max": 14.529800153,
  "times": [
    14.523309485,
    14.511530261,
    14.521267177,
    14.49474594,
    14.483116594,
    14.529800153,
    14.510190161,
    14.501530445,
    14.472029189,
    14.505377871,
    14.491252781,
    14.497479191,
    14.493504871,
    14.514800751,
    14.501934763,
    14.505626527,
    14.502781276,
    14.519101746,
    14.481280162000001,
    14.492787101,
    14.515571853,
    14.499210605,
    14.48667891,
    14.482554311,
    14.527596071
  ]
}