{
  "mean": 27.806662101680004,
  "stddev": 0.062389730736813746,
  "median": 27.837672047,
  "min": 27.685024123,
  "max": 27.895868909,
  "times": [
    27.697485696,
    27.744027606,
    27.873009202,
    27.805869793,
    27.766595886,
    27.794987578,
    27.778197676,
    27.798156638000002,
    27.895868909,
    27.857044358,
    27.882806609,
    27.772097334,
    27.837672047,
    27.784361151,
    27.685087566,
    27.780484865,
    27.813820783,
    27.87214092,
    27.685024123,
    27.789109798,
    27.876281543,
    27.891711157,
    27.767073104,
    27.831447936,
    27.886190264
  ]
}