{
  "mean": 80.5667928911,
  "stddev": 0.2390879917848879,
  "median": 80.483138906,
  "min": 80.284082779,
  "max": 81.030662357,
  "times": [
    81.01751697,
    80.489975844,
    80.458490455,
    80.424172858,
    80.444154903,
    80.522122909,
    80.431254421,
    81.030662357,
    80.565495415,
    80.284082779
  ]
}