{
  "mean": 82.1222844832,
  "stddev": 0.12362888466293269,
  "median": 82.2951302205,
  "min": 81.946651282,
  "max": 82.44924469,
  "times": [
    82.106073893,
    81.946651282,
    82.098971004,
    82.178234075,
    82.44924469,
    82.141015751,
    82.066392968,
    82.087218482,
    82.04380186,
    82.105240827
  ]
}