{
  "mean": 14.957256938599999,
  "stddev": 0.03597140056764704,
  "median": 15.006326727,
  "min": 14.905658752,
  "max": 15.016957445,
  "times": [
    14.908057711,
    14.911452324999999,
    14.907690319,
    14.968380956,
    15.016957445,
    15.004384193,
    14.91453277,
    14.960377186,
    14.965087154,
    15.000566706,
    14.934085578,
    14.932111334,
    15.006326727,
    14.995264464,
    14.908354917,
    14.998249516,
    14.982828847,
    14.905658752,
    14.974503857,
    14.909053302,
    14.958626623,
    14.967419566,
    14.980351336,
    14.95981742,
    14.961284461
  ]
}