{
  "mean": 27.811727950439998,
  "stddev": 0.06169405880385142,
  "median": 27.809641285,
  "min": 27.665381093,
  "max": 27.928309179,
  "times": [
    27.769712045,
    27.665381093,
    27.697067687,
    27.784617128,
    27.813122824,
    27.813750517,
    27.84357707,
    27.928309179,
    27.780613994,
    27.771855079,
    27.875061373,
    27.697120718,
    27.809641285,
    27.804019054,
    27.87027451,
    27.843907495,
    27.859427019,
    27.796005622,
    27.803768543,
    27.83497612,
    27.866060393,
    27.922402429999998,
    27.838441574,
    27.79900446,
    27.805081549
  ]
}