{
  "mean": 63.300148703299996,
  "stddev": 0.14948671022123325,
  "median": 63.163053655,
  "min": 63.140605901,
  "max": 63.703850265,
  "times": [
    63.324071531,
    63.354603199,
    63.224466607,
    63.316565424,
    63.140605901,
    63.185501409,
    63.703850265,
    63.227831571,
    63.216093861,
    63.307897265
  ]
}