{
  "mean": 63.47125653090001,
  "stddev": 0.23381160204974966,
  "median": 63.441966600499995,
  "min": 63.183198074,
  "max": 63.95546727,
  "times": [
    63.183198074,
    63.237676697,
    63.663168735,
    63.334161354,
    63.209565225,
    63.674367976,
    63.46104579,
    63.434131455,
    63.95546727,
    63.559782733
  ]
}