{
  "mean": 44.2526894348,
  "stddev": 0.08540205282618493,
  "median": 44.25931743,
  "min": 44.153915283,
  "max": 44.456709607,
  "times": [
    44.225918669,
    44.309136524,
    44.167666328,
    44.184435969,
    44.250196965,
    44.291825941,
    44.392090353,
    44.237414841,
    44.394952979,
    44.153915283,
    44.178930646,
    44.250633577,
    44.25931743,
    44.204942823,
    44.407281919,
    44.167910374,
    44.207675324,
    44.19104401,
    44.270595624,
    44.162884902,
    44.195617936,
    44.161990862,
    44.245915425,
    44.348231559,
    44.456709607
  ]
}